"Bussoleno-Torino(Porta Nuova)";1854;62727,292367
"Bivio Sangone-Pinerolo";1854;42463,2615
"Susa-Bussoleno";1854;9141,644059
"Torino(Porta Nuova)-Moncalieri-Trofarello";1848;18240,045187
"Torino(Porta Nuova)-Torino(Porta Susa)";1854;6066,304309
"Torino(Porta Nuova)-Torino(smist.)";1848;4601,42325
"Trofarello-Asti";1849;59247,850677
"Trofarello-Savigliano";1853;55148,123347
"Asti-Alessandria(st. c.)";1850;48235,201028
"Alessandria(st. c.)-Novi Ligure(st. c.)";1850;29900,876123
"Novi Ligure(st. c.)-Arquata scrivia";1851;16375,933266
"Arquata Scrivia-Busalla";1853;26390,195167
"Savigliano-Fossano";1853;15942,425918
"Torino(Porta Susa)-Novara";1856;134265,500942
"Novara-Mortara";1854;35344,796904
"Mortara-Torreberetti-Valenza";1854;39955,653095
"Valenza-Alessandria(st. c.)";1854;19765,902892
"Fossano-Centallo";1854;16111,013005
"Centallo-Olmo";1854;11432,269646
"Olmo-Cuneo";1855;5025,064471
"Vignale-Novara";1855;4549,100851
"Arona-Vignale";1855;46017,277639
"Bra-Cavallermaggiore";1855;18048,183239
"Santhià-Biella";1856;41138,567821
"Savigliano-Saluzzo";1857;18960,88415
"Casale Monferrato-Valenza";1857;26659,350521
"Vercelli-Casale Monferrato";1857;31626,310311
"Alessandria(st. c.)-Cantalupo-Acqui";1858;46866,327518
"Alessandria-Tortona-Voghera-Casteggio";1858;66028,650458
"Tortona-Novi Ligure(st. c.)";1858;26124,173509
"Chivasso-Caluso";1858;19364,438135
"Caluso-Ivrea";1858;26255,831789
"Novara-Ticino";1858;20178,587008
"Monza-Milano";1840;18324,700881
"Pisa (st. c.)-Livorno (st. c.)";1844;24857,505383
"Pisa(st. c.)-Pontedera";1845;26749,340525
"Milano(st. c.)-Treviglio";1846;45008,318567
"Camnago Lentate-Monza";1849;22757,334486
"Albate Camerlata-Camnago Lentate";1849;19288,354226
"Pisa(Porta Nuova)-Bagni di S. Giuliano";1846;8668,116627
"Bagni di S. Giuliano-Lucca";1846;21310,356082
"Pontedera-Empoli";1847;38360,762691
"Busalla-S. P. d'Arena-Bivio Polcevera-Genova(Porta Principe)";1853;32359,304991
"Quadrivio Torbella-Sampierdarena-S. Benigno(Ponte Caracciolo)";1853;6288,139677
"Bergamo-Rovato";1854;44758,268367
"Vigevano-Mortara";1854;17640,138052
"Voltri-Sampierdarena";1856;15379,654806
"Treviglio-Bergamo";1857;31015,921798
"Casteggio-Stradella";1858;22736,53041
"Rho-Milano";1858;19326,971326
"Magenta-Rho";1858;20189,447174
"Stradella-Castel S. Giovanni";1859;16338,624748
"Castel S. Giovanni-S. Nicolò";1859;17469,05385
"S. Nicolò-Ponte Trebbia";1859;4889,362868
"Ponte Trebbia-Piacenza";1860;8307,145339
"Piacenza-Parma";1859;80367,162666
"Gallarate-Rho";1860;37366,781576
"Viareggio-Pisa(Porta Nuova)";1861;26492,739798
"Milano (st. c)-Piacenza";1861;97081,327466
"Napoli-Portici";1839;11765,422413
"Padova(st. c.)-Testa del Ponte sulla laguna(Mestre)";1842;41304,013962
"Caserta-Cancello-Napoli";1843;44949,489171
"Portici-Torre Annunziata (st. c.)";1844;17398,648903
"Torre Ann.ta(st. c.)-Castellammare di Stabia";1844;7572,967028
"Capua-Caserta";1844;14708,346937
"Vicenza-Padova(st. c.)";1846;43308,673171
"Testa sul Ponte sulla Laguna(Mestre)-Venezia(S. Lucia)";1846;11558,477617
"Nola-Cancello";1846;15849,303328
"Prato-Firenze(S. Maria Novella)";1848;24213,584745
"Empoli-Firenze(Bivio Porta al Prato)";1848;41056,789125
"Lucca-Altopascio";1848;17643,653525
"Altopascio-Montecarlo S. Salvatore";1848;7147,504931
"Montecarlo S. Salvatore- Pescia";1848;6367,713676
"Verona(Porta Vescovo)-Vicenza";1849;68063,771892
"Empoli-Siena";1849;87471,142178
"Verona(Porta Nuova)-Dossobuono";1851;9477,644167
"Dossobuono-Sant'Antonio Mantovano";1851;36945,493398
"Pistoia-Prato";1851;22118,08478
"Treviso(st. c.)-Mestre";1851;30111,473261
"Verona(Porta Nuova)-Verona(Porta Vescovo)";1852;5076,86997
"Pescia-Bagni di Montecatini";1853;9136,303056
"Rovato-Brescia";1854;25953,135819
"Brescia-Verona(Porta Nuova)";1854;91540,987825
"Pordenone-Treviso(st. c.)";1855;82430,5324
"Casarsa-Pordenone";1855;20366,439221
"Sarno-Nola";1856;21058,196365
"Bagni di Montecatini-Pieve di Nievole";1856;2117,745665
"Galleria di Serravalle (Livorno-Pisa Pistoia)";1859;2511,488277
"Serravalle Levante-Pistoia";1857;9762,940174
"Roma(Termini)-Bivio Mandrione";1857;5213,049089
"Pieve di Nievole-Serravalle Ponente";1857;5028,95018
"ex Confine Tirolese-Peri-Verona(Porta Nuova)";1859;57712,034832
"Civitavecchia(st.)-Roma(Termini)";1859;107748,347618
"Parma-Bologna(st. c.)";1859;125000,586005
"(Siena)Raddoppio Montarioso-Sinalunga";1859;77374,198465
"Udine-Casarsa";1860;49624,765251
"Torre Annunziata(st. c.)-Vietri sul Mare";1860;36017,157809
"Confine Illirico-Udine(lato Cormons)";1860;26486,461592
"Sinalunga-Torrita";1860;8316,079266
"Mercato S. Severino-Sarno";1861;20465,776176
"Bologna(st. c.)-Forlì";1861;89911,739526
"Forlì-Rimini";1861;64731,386137
"Tora Presenzano-Capua";1861;55165,180388
"Rimini-Falconara-Ancora(st. c.)";1861;129777,466457
"Pietrasanta-Viareggio";1861;14837,16927
"Cantalupo-Nizza Monferrato";1864;30158,227735
"Nizza Monferrato-Canelli";1865;12644,597045
"Canelli-Alba";1865;39901,253162
"Ancona(st.c.)-Castellammare Adriatico";1863;199574,935548
"Falconara Mar.-Albacina-Fabriano-Foligno";1866;163876,532188
"Firenze (S.M.N.)-Pontassieve";1862;28058,437957
"Pontassieve-Montevarchi";1863;44943,904814
"Montevarchi-Terontola";1866;94705,634403
"Terontola-Ellera Corciano";1866;44234,164046
"Cava Carbonara-Torreberetti";1862;49693,638758
"Ferrara-Bologna (st.c)";1862;64124,682422
"Serravezza Quercieta-Pietrasanta";1862;4683,30374
"Massa e Carrara-Serravezza Quercieta";1862;9550,910504
"Sarzana-Massa e Carrara";1863;24540,030994
"Spezia(st.c.)-Vezzano Sarzana";1864;20532,876881
"Pontelagoscuro-Ferrara";1862;5604,404197
"Rovigo-Pontelagoscuro";1866;39818,006147
"Padova (st.c)-Rovigo";1866;62024,927187
"Pavia-Bivio Gravellone";1862;3289,386554
"Bivio Gravellone-Cava Carbonara";1862;7292,745817
"Rogoredo-Pavia";1862;40847,49184
"Bivio Reno-Vergato";1862;48253,221029
"Vergato-Pracchia";1863;48791,19731
"Pracchia-Pistoia";1864;35341,094886
"Vietri sul Mare-Salerno";1866;6034,346964
"Pastena (Salerno)-Battipaglia";1863;24514,907629
"Battipaglia-Eboli";1863;8503,402054
"Ficulle-Orvieto";1865;31580,859023
"Chiusi Bagni di Chianciano-Ficulle";1862;23234,753168
"Salarco-Chiusi Bagni di Chianciano";1862;27388,636765
"Ciampino-Velletri";1862;37021,125149
"Velletri-Segni Paliano";1862;30636,29762
"Segni Paliano-Ceprano Falvaterra";1862;77107,342631
"Ceprano Falvaterra-Cassino";1863;37068,602476
"Cassino-Tora Presenzano";1863;32761,754929
"Treviglio-Soresina";1863;54659,851521
"Soresina-Casalbuttano";1863;12216,497591
"Bagheria-Palermo";1863;17828,193292
"Casalbuttano-Olmoneta-Cremona";1863;24807,443116
"Castelbolognese-Ravenna";1863;56587,422196
"Pescara-Ortona";1863;28323,589585
"Livorno (st.c.)-Bivio Calambrone-Colle Salvetti";1863;21970,542429
"Colle Salvetti-Vada";1863;41382,530414
"Vada-Cecina";1863;8167,03242
"Cecina-Follonica";1863;71419,754848
"Cecina-Saline di Volterra";1863;40541,241738
"Lecco-Calolzio Olginate-Bergamo";1863;46428,455118
"Gozzano-Vignale";1864;46057,267504
"Ortona-Foggia";1864;207245,262731
"Follonica-Grosseto";1864;57929,352716
"Grosseto-Orbetello";1864;50797,61309
"Orbetello-Nunziatella";1864;12251,215302
"Trabia-Bagheria";1864;22092,148475
"Foggia-Trani";1864;105380,109574
"Trani-Bari (st)";1865;56675,513471
"Bari (st)-Brindisi (st)";1865;146397,786735
"Brindisi (st.)-Lecce";1866;50604,015751
"Orte-Roma(Termini)";1865;111173,199717
"Terni-Orte";1866;39375,727017
"Foligno-Terni";1866;72610,175687
"Asciano-Torrenieri Montalcino";1865;28372,308005
"Alba-Bra";1865;24284,491517
"Bari (st.)-Gioia del Colle";1865;68307,072898
"Settimo Torinese-Volpiano";1865;9790,863419
"Volpiano-Rivarolo";1866;21371,836678
"Sesto Calende-Gallarate";1865;24789,106464
"Varese-Gallarate";1865;26630,611918
"Termini Imerese-Trabia";1866;6548,963713
"Lazzaro-Reggio Calabria (st. c.)";1866;22301,450293
"Collestrada-Foligno";1866;33565,392002
"Ponte S. Giovanni - Collestrada";1866;4867,152029
"Ellera Corciano-Ponte-S.Giovanni";1866;28990,496788
"Messina (st.c.)-Giardini Taormina";1866;59923,753816
"Pavia-Casalpusterlengo";1866;59311,292275
"Codogno-Cremona";1866;38263,383933
"Brescia-S.Zeno Folzano";1866;7193,049161
"S.Zeno Folzano-Olmeneta";1866;47199,329867
"Giardini Taormina-Catania (st.)";1867;59317,096635
"Foggia-Cervaro";1867;11860,075613
"Cervaro-Bovino Deliceto";1867;33018,058829
"Bovino Deliceto-Savignano Greci";1868;25113,716498
"Savignano Greci-Pianerottolo D'Ariano";1869;7649,454833
"Pianerottolo d'Ariano-Starza";1869;11577,997198
"S.Spirito(verso Ariano di P.)-Benevento";1868;38246,495511
"Officine Granili-Napoli (Magazzino Approvvigionamento)";1867;1610,695376
"Nunziatella-Civitavecchia (st.)";1867;81821,541255
"Bivio Gravellone-Voghera";1867;32172,672438
"Lecce-Zollino";1868;24878,188589
"Casalduni Ponte-Caserta";1868;61795,559203
"Benvevento-Casalduni Ponte";1868;20386,881841
"Torino-Venaria Reale";1868;10119,058842
"Venaria Reale-Caselle";1868;8129,972628
"Caselle-S.Maurizio Canavese";1869;6422,403231
"S. Maurizio Canavese-Ciriè";1869;4354,050871
"Ciriè-Lanzo";1876;15525,716565
"Cervaro-Candela";1868;39302,372036
"Candela-Rocchetta S. Antonio";1884;13959,046697
"Rocchetta S. Antonio-Rapolla Lavello";1891;30458,428302
"Rapolla Lavello-Gioia del Colle";1892;153277,961309
"Savona(Letimbro)-Voltri";1868;40286,936823
"Ventimiglia-Savona";1872;149467,310469
"Confine Francese (Ventimiglia confine)-Ventimiglia";1872;9848,180309
"Arona (st.)-Sesto Calende";1868;12187,944648
"Gioia del Colle-Taranto (st.)";1868;80921,276784
"Metaponto-Taranto (st.)";1869;56908,330684
"Metaponto-S. Basilio Pisticci";1869;10257,051585
"S. Basilio Pisticci-Trebisacce";1869;74119,349593
"Trebisacce-Rossano";1870;52886,947994
"Rossano-Cariati";1870;41367,000899
"Bianconovo-Lazzaro (verso Reggio C.)";1868;74058,688251
"Roccella Ionica-Bianconovo";1871;45507,487999
"Monasterace Stil-Roccella Ionica";1872;25514,26776
"Catanzaro Marina-Monasterace Stilo";1875;59016,713971
"Cotrone-Catanzaro Marina";1875;76599,392792
"Cariati-Cotrone";1874;70942,411908
"Zollino-Maglie";1868;10916,897961
"Nuova stazione di Maglie";1869;1544,369722
"Maglie-Otranto";1872;23749,240328
"Nardò-Tricase-Maglie";1911;110892,710642
"Genova (Piazza Brignole)-Chiavari";1868;48535,646426
"Chiavari-Sestro Levante";1870;10436,618069
"Sestri Levante-Spezia (st.c.)";1874;59835,938993
"Bivio Fiumetorto-Termini Imerese";1869;8824,518128
"Cerda-Bivio Fiumetorto";1869;2471,662109
"Sciara Aliminusa-Cerda";1869;7497,44657
"Montemaggiore Belsito-Sciara Aliminusa";1869;12145,363146
"Fiaccati-Montemaggiore Belsito";1870;6799,107106
"Roccapalumba Alia-Fiacciati";1870;4154,866135
"Roccapalumba Alia-Lercara Bassa";1870;9966,232315
"Lercara Bassa-Cammarata";1874;14923,53665
"Cammarata-Spina";1875;9638,328762
"Spina-Passofonduto";1876;18918,392651
"Passofonduto-Comitini";1875;8820,822972
"Comitini-Aragona Caldare";1874;6852,239777
"Aragona Caldare- Porto Empedocle (st.)";1874;24516,174558
"Catania (st.)-Bicocca";1869;8160,067613
"Bicocca-Lentini";1869;26790,234257
"Lentini-Siracusa (st.)";1871;73174,561035
"Siracusa (st.)-Noto";1886;40253,797981
"Noto-Modica";1891;73916,336273
"Modica-Comiso";1893;65679,620445
"Comiso-Terranova di Sicilia";1893;46671,36252
"Terranova di Sicilia-Licata (st.)";1891;45520,325045
"Favarotta-Licata";1881;22941,91203
"Canicattì-Favarotta";1880;36642,368984
"Bivio Canicattì-Aragona Caldare";1880;33027,953621
"Caltanisetta-Canicattì";1876;36198,964725
"S. Caterina Xirbi-Caltanisetta";1878;7389,102809
"S. Caterina Xirbi-Marianopoli";1881;16644,506186
"Marianopoli-Magazzinazzo";1881;20533,514611
"Magazzinazzo-Roccapalumba Alta";1881;23980,766233
"Laura-Mercato S. Severino";1869;8618,359185
"Avellino-Laura";1879;31285,10896
"Prata Pratola-Avellino";1886;9962,153762
"Benevento-Prata Pratola";1891;28799,187509
"Milano-Milano (Porta Sempione)";1870;5988,560621
"Milano (Porta Sempione)-Vigevano";1870;49134,016346
"Bicocca-Catenanova Centuripe";1870;46312,010896
"Catenanova Centuripe-Raddusa Agira";1870;22565,403595
"Raddusa Agira-Pirato";1870;18565,66861
"Pirato-Villarosa";1876;27803,477298
"Villarosa-S.Caterina Xirbi";1876;19141,068492
"Mortara-Bivio Mortara";1870;36695,017329
"Bivio Mortara-Casale Monferrato";1870;1897,827845
"Casale Monferrato-Bivio Casale";1870;61663,930249
"Asti-Castagnole Lanze";1870;27184,181246
"Brindisi (st.)-Brindisi(sc.p.)";1870;2236,575362
"San Gavino-Villasor";1871;32120,200731
"Decimomannu-Cagliari (st.)";1871;21754,40827
"Villasor-Decimomannu";1871;11089,457051
"Torrenieri Montalcino-Monte Amiata";1871;17361,572855
"Monte Amiata-Montepescali";1872;68680,657936
"Confine Francese (Modane confine)-Bussoleno";1871;68247,506579
"Oristano-S.Gavino";1872;57287,326087
"Siliqua-Decimomannu";1872;17530,435897
"Iglesias-Siliqua";1872;31312,118115
"Porto Torres (st.)-Sassari";1872;25843,118951
"Sassari-Ploaghe";1874;35630,827878
"Porto Torres (st.)-Porto Torres (sc.p.)";1872;814,200613
"Ploaghe-Chilivani";1874;25397,155664
"Sassari-Alghero";1889;44051,201634
"Ozieri-Chilivani (Magazzino Merci)";1891;12400,984449
"Tirso-Ozieri";1893;90704,478069
"Giave-Macomer-Oristano";1880;120470,302839
"Chilivani-Giave";1878;34441,190687
"Fraigas-Chilivani";1878;7143,381804
"Oschiri-Fraigas";1880;22563,644559
"Monti-Oschiri";1880;34049,94028
"Terranova Pausania-Monti";1881;29711,569112
"Terranova Pausania-Terranova Isola Bianca (Molo vecchio (sc. mar.))";1881;2104,838392
"Golfo Aranci (st.)-Terranova Pausania";1883;28298,399758
"Gonzaga Reggiolo-Modena";1872;48483,46599
"Motteggiana- Gonzaga Reggiolo";1873;16607,828096
"S. Antonio Montovano-Borgoforte";1873;22156,371421
"Borgoforte-Motteggiana";1874;3936,201919
"Pescara-Popoli";1873;69409,900453
"Popoli-Sulmona";1873;18927,456244
"Molina-Sulmona";1875;25329,285662
"Aquila-Molina";1875;55941,74688
"Usmate Carnate-Monza";1873;14983,184695
"Calolzio Olginate-Usmate Carnate";1873;26650,18065
"Orvieto-Orte";1874;57053,040509
"Pisa-Colle Salvetti";1874;20648,600397
"Cremona-Mantova";1874;87225,022458
"Palermo-Palermo (sc.p.)";1874;8563,331054
"Bra-S. Giuseppe di Cairo";1874;106139,341626
"Acqui-S. Giuseppe di Cairo";1874;67844,727523
"Porto Empedocle (st.)-Porto Empedocle (sc.p.)";1874;952,86723
"Trofarello-Chieri";1874;11855,795664
"Eboli-Contursi";1874;23110,527618
"Contursi-Romagnano";1875;28133,598341
"Pisticci-Metaponto";1875;33375,173502
"Ferrandina Pomarico Miglionico-Pisticci";1875;16500,813738
"Grassano Garaguso-Ferrandina Pom. Migl.";1876;28485,938984
"Potenza Inferiore-Calciano Tricarico";1880;56013,285589
"Picerno-Potenza Inferiore";1880;22919,902743
"Baragiano-Picerno";1880;15876,227403
"Balvano Ricigliano-Baragiano";1877;12747,186873
"Romagnano-Balvano Ricigliano";1877;8523,129371
"Chiasso confine-Como S. Giovanni";1876;5532,811285
"Bastia-Mondovì";1875;12974,104536
"Terontola-Chiusi Bagni di Chianciano";1875;37574,910639
"Udine-Gemona";1875;40310,586421
"Gemona-Stazione per la Carnia";1876;16742,312565
"Paratico Sarnico (st.) - Palazzolo sull'Oglio";1876;14011,151844
"Schio-Doppio B. Bacchiglione";1876;42670,963671
"Como S.Giovanni-Albate Camerlata";1875;7445,112379
"Rovigo-Adria";1876;35010,840943
"Badia-Rovigo";1876;39771,450813
"Sibari-Spezzano Albanese";1876;20241,239233
"Legnago-Badia";1877;26344,425511
"Cerea-Legnago";1877;11707,23284
"Mantova-Cerea";1886;54503,918117
"Legnago-Montagnana";1886;19316,851024
"Montagnana-Monselice";1885;34474,901685
"Dossobuono-Cerea";1877;51867,386495
"Frassia-Cosenza(F.S.)";1877;42864,616913
"Spezzano Albanese-Majolungo";1877;14599,530059
"Stazione per la Carnia-Resiutta";1877;11900,179813
"Resiutta-Chiusaforte";1878;11781,393994
"Chiusaforte-Pontebba";1879;17894,992095
"Castelfranco Veneto-Treviso";1877;34648,24661
"Cittadella-Castelfranco Veneto";1877;15992,811771
"Vicenza-Cittadella";1877;33490,984558
"Bassano-Padova(st.c.)";1877;67284,469197
"Treviglio-Rovato";1878;45533,96605
"Fiumicino-Pontegalera";1878;14371,585977
"Milano-Saronno";1879;30179,652764
"Saronno-Vedano Olona";1884;31944,407106
"Busto Arsizio-Saronno";1887;20784,92108
"Novara Nord-Busto Arsizio";1887;37095,453234
"Bovisa-Paderno Dugnano";1879;11552,999579
"Paderno Dugnano-Bovisio Mombello";1879;7646,395076
"Bovisio Mombello-Seveso S. Pietro";1879;5046,763677
"Seveso S. Pietro-Marciano Comense";1879;8992,600489
"Seveso S. Pietro-Camnago";1880;3348,448843
"Marciano Comense-Inverigo";1879;9038,532204
"Inverigo-Erba Incino";1879;13555,735655
"Conegliano-Vittorio";1879;18833,581362
"Palermo (st. c.)-Partinico";1880;66200,910739
"Castelvetrano-Trapani";1880;93720,030218
"Castellammare del Golfo-Castelvetrano";1881;58622,077478
"Monteponi-Porto Vesme";1880;25089,274334
"Monteponi-Iglesias";1898;6706,580204
"Reggio Calabria (Succ.) (dev. per porto)-Reggio Calabria (st. c.)";1881;4767,764308
"Sampierdarena-S. Limbania (Calate)";1881;4104,276446
"Venezia (S. L.)-Venezia Marittima (sc. p.) (Molo Lev. e Pon.)";1881;4290,682523
"Pietralcina-Benevento";1881;18123,030339
"S. Giuliano del Sannio-Pietralcina";1882;63765,698341
"Vinchiaturo-S. Giuliano del Sannio";1882;15768,520901
"Baranello-Vinchiaturo";1883;4693,714495
"Campobasso-Bosco Redole-Baranello";1883;10855,803078
"Casacalenda Guardialfera-Campobasso";1883;50813,820476
"Larino-Casacalenda Guardialfera";1883;16907,584524
"Termoli-Larino";1882;49476,103357
"Nocera Inferiore-Codola";1882;4221,116474
"Rocca di Corno-Aquila";1882;32808,23354
"Terni-Rocca di Corno";1883;107134,286631
"Mortara-Garlasco";1882;23164,451322
"Garlasco-Cava Carbonara";1882;18604,662401
"Vercelli-Robbio";1883;22082,470826
"Robbio-Mortara";1882;17023,943042
"Bressana Bottarone-Broni";1882;16859,142302
"Confine svizzero (Pino confine)-Luino (st. i.) (1)";1882;20732,606412
"Luino (st. i.)-Laveno Mombello";1882;20234,439056
"Laveno Mombello-Sesto Calende-Oleggio";1882;51883,758344
"Pinerolo-Torre Pellice";1882;22776,573684
"Bricherasio-Barge";1885;16334,876151
"Carmagnola-Bra";1884;28547,954823
"Airasca-Vigone";1884;13180,838614
"Vigone-Moretta-Saluzzo";1885;32795,997645
"Cavallermaggiore-Moretta";1886;20906,075745
"Romagnano Sesia-Vignale";1883;35711,78195
"Sassuolo-Modena";1883;23175,011948
"Battipaglia-Agropoli";1883;39159,508562
"Agropoli-Castelnuovo Vallo";1887;26698,728311
"Castelnuovo Vallo-Pisciotta";1889;22808,851313
"Pisciotta-Praia d'Aieta Tortora";1894;80334,235981
"Praia D'Ajeta Tortora-S. Eufemia Mar. Gizz";1895;158577,795006
"S. Eufemia Marina Gizzeria-Pizzo";1894;37433,039827
"Pizzo-Ricadi";1894;44012,897236
"Ricadi-Nicotera";1893;17889,087665
"Nicotera-Gioia Tauro (staz. provvisoria)";1891;22663,67268
"Bagnara-Scilla";1886;10895,976728
"Villa S. Giovanni-Cannitello-Scilla";1885;11550,230976
"Villa S. Giovanni (sc.  f. b.)-(pontile 1°)";1905;688,605987
"Villa S. Giovanni-Reggio Calabria (deviaz. sc. p.)";1884;15290,455508
"Parma-Fornovo";1883;32364,852484
"Fornovo-Berceto";1889;31498,558762
"Berceto-Borgotaro";1893;21730,00438
"Borgotaro-Pontremoli";1894;25036,385319
"Pontremoli-Vezzano";1888;46470,523469
"Catanzaro Sala-Catanzaro Marina";1883;11604,398615
"Corace-Catanzaro Sala";1899;6416,499238
"Telese Cerreto (st.)-Telese Cerreto (bagni)";1883;2576,1439
"Cava Manara-Cava Carbonara";1883;5713,212515
"Modena-Mirandola";1883;44723,510216
"Parma-Guastalla-Suzzara";1883;60762,818792
"Ferrara-Argenta";1883;46708,34882
"Ofantino-Margherita di Savoia";1884;6179,184705
"Frascati (vecchia staz. abbandonata)-Frascati";1884;4168,617373
"Laveno-Gallarate";1884;45309,962846
"Albano Laziale-Cecchina";1884;5415,933287
"Cecchina-Nettuno";1884;42241,727703
"Cornuda-Treviso";1884;37357,801164
"Belluno-Cornuda";1886;82896,78511
"Cavezzo-Finale";1884;29448,994345
"Colorno-Parma";1884;21685,522176
"Mezzani Rondani-Colorno";1886;6434,420521
"Casalmaggiore-Mezzani Rondani";1887;5570,920961
"Piadena-Casalmaggiore";1884;22207,411186
"Giulianova-Teramo";1884;34109,924319
"Vedano Olona-Malnate";1884;2988,871549
"Malnate-Varese Nord";1885;6183,897549
"Varese Nord-Laveno Nord";1886;32574,476659
"Orta Miasino-Gozzano";1884;9117,992778
"Gravellona Toce-Orta Miasino";1887;22880,82498
"Ravenna-Cervia";1884;29965,751145
"Cervia-Cesenatico";1886;10771,567097
"Cesenatico-Rimini";1889;29785,747227
"Fossano-Mondovì";1884;32114,191493
"Adria-Loreo";1884;15663,087525
"Loreo-Chioggia";1887;28635,355233
"Matelica-Albacina";1884;16530,375224
"Castelraimondo Camerino-Matelica";1885;9818,555827
"S. Severino Marche-Castelraimondo Camerino";1886;15727,461648
"Macerata-San Severino Marche";1888;39023,651391
"Pausula-Macerata";1886;7553,845722
"Portocivitanova-Pausola";1884;29370,254633
"Grignasco-Romagnamo Sesia";1884;10848,401119
"Borgosesia-Grignasco";1885;7992,918423
"Varallo Sesia-Borgosesia";1886;18027,495854
"Menaggio-Porlezza";1884;17183,774391
"Ponte Tresa-Luino";1885;17667,903079
"Napoli Corso Garibaldi-Nola";1884;33759,146618
"Nola-Baiano";1885;15029,476173
"Arce-Roccasecca";1884;10930,532222
"Mandela Sambuci-Tivoli";1884;18558,575241
"Cineto Romano-Mandela Sambuci";1885;5462,247294
"Zollino-Nardò Centrale";1884;23019,915547
"Nardò-Gallipoli (st.)";1885;21327,996414
"Bergamo-Ponte di Nossa-Ponte di Selva";1884;39458,493347
"Torrebelvicino-Schio-Arsiero";1885;32001,864726
"Poggibonsi-Colle Val d'Elsa";1885;10119,662897
"Cancello-Torre Annunziata (st. c.)";1885;40154,172769
"Castellammare di Stabia-Gragnano";1885;6097,923374
"Sondrio-Colico (st.)";1885;58659,423971
"Brescia-Iseo (Via Monterotondo)";1885;33502,195995
"S. Donà di Piave-Mestre";1885;47315,238771
"Portogruaro-S. Donà di Piave";1886;37738,87373
"Foggia-Manfredonia";1885;47724,504369
"Motta di Livenza-Treviso (st. c.)";1885;47952,87317
"Ivrea-Donnaz";1885;26647,381838
"Donnaz-Aosta";1886;67522,144584
"Taranto (st.)-Latiano";1886;62622,297002
"Latiano-Mesagne";1886;9485,476979
"Mesagne-Brindisi (st.)";1886;19140,049637
"Città di Castello-Fossato";1886;98660,523348
"Arezzo-Anghiari";1886;52658,081383
"Anghiari-Città di Castello";1886;31138,981214
"Porto d'Ascoli-Ascoli Piceno";1886;37683,130962
"Venafro-Caianello Vairano";1886;26976,827286
"Rocca Ravindola-Venafro";1886;9991,259039
"Cividale-Udine";1886;21104,017142
"Montebelluna-Camposampiero";1886;39508,292951
"Villafrati-Corleone";1886;42231,702068
"Palermo (S. Erasmo)-Villafrati";1886;42421,698476
"Viterbo (Porta Fiorentina)-Attigliano";1886;53512,626533
"Chiavenna-Colico";1886;37400,034546
"Bagnolo in Piano-Novellara";1886;14431,514239
"Reggio Emilia-Bagnolo in Piano";1886;11059,578379
"Bagnolo in Piano-Correggio";1886;11668,890992
"Sicignano-Sala Consilina";1886;53395,892959
"Fognano-Marradi";1888;24231,778224
"Faenza-Fognano";1887;23706,826776
"S. Felice sul Panaro-Crevalcore";1889;18006,362013
"Persiceto-Bologna (st. c.)";1887;28784,2572
"Crevalcore-Persiceto";1888;12956,09564
"Cefalù-Bivio Fiumetorto";1887;29645,549578
"Castelrosso-Casale Popolo";1887;58076,083895
"Novellara-Guastalla";1887;13923,391774
"Basaluzzo-Frugarolo";1887;13392,597034
"Budrio-Medicina";1887;14248,508619
"Bologna-Budrio";1887;22091,778641
"Molinella-Portomaggiore";1887;20408,910026
"Budrio-Molinella";1887;23221,849228
"Medicina-Massalombarda";1887;21097,018309
"Massalombarda-Lugo";1888;10908,195653
"Lavezzola-Massalombarda";1889;19170,297468
"Argenta-Ravenna";1889;55325,567751
"Sassano Tegiano-Casalbuono";1888;24798,564635
"Cuneo-Robilante";1887;24529,049089
"Vernante-Limone";1891;12964,638095
"Robilante-Vernante";1889;8899,564891
"Rivarolo-Castellamonte";1887;12536,997907
"Rivarolo-Cuorgnè-Pont";1906;22100,424662
"Tivoli-Roma (Termini)";1887;52227,996334
"Foggia-Lucera";1887;26241,267201
"Roccadebaldi-Cuneo";1887;28790,708916
"Correggio-Carpi";1887;14727,08381
"Saronno-Seregno";1887;18676,946389
"Seregno-Usmate Carnate";1888;18736,109571
"Monti-Tempio";1888;53830,201844
"Gairo-Tortolì-Arbatax";1893;79046,283119
"Cagliari-Mandas";1888;89919,79202
"Meana Sardo-Sorgono";1889;45795,721581
"Mandas-Nurri";1893;31595,723298
"Nurri-Villanovatulo";1893;14249,383714
"Villanovatulo-Ussassai";1894;77386,572193
"Gairo-Jerzu";1893;11256,487804
"Napoli Montesanto-Terme Patamia";1889;11055,21603
"Cuma Fusaro-Torregaveta";1890;2090,380025
"Pozzuoli-Cuma Fusaro";1890;8320,356737
"Napoli (st. c.)-Napoli (Porto di Massa)(sc. p.)";1888;4599,880208
"Terme Patamia-Pozzuoli";1889;5294,86326
"Sermide-Ferrara";1888;44097,032571
"Suzzara-Sermide";1888;70650,967762
"Ladispoli-Palo";1888;3178,080801
"Modena-Vignola";1888;34707,678841
"Reggio Emilia-Scandiano-Castellarano Veggia";1891;31029,230247
"Sulmona-Cineto Romano";1888;154217,537735
"Arezzo-Pratovecchio Stia";1888;60591,939847
"Casarsa-Portogruaro";1888;30477,585928
"Udine-Palmanova";1888;24465,333094
"Palmanova-S. Giorgio di Nogaro (st. c.)";1888;16639,143448
"S. Giorgio di Nogaro (st. c.)-S. Giorgio di Nogaro (sc. p.)";1888;2887,988104
"S. Giorgio di Nogaro (st. c.)-Cervignano del Friuli";1897;7967,812196
"Portogruaro-S. Giorgio di Nogaro (st. c.)";1888;44053,764088
"Domodossola-Gravellona Toce";1888;43286,331737
"Domodossola-Arona (st. nuova)";1905;78614,235943
"Borgomanero-Arona (st.)";1906;24075,677551
"Santhià-Borgomanero";1905;67578,830028
"Iselle di Trasquera-Domodossola (st.i.)";1906;27299,715718
"Confine svizzero-P.D.E. Iselle di Trasquera";1906;15665,673759
"Albate Camerlata-Lecco";1888;54218,542188
"Bellano-Lecco";1892;35856,813219
"Colico-Bellano";1894;19941,224017
"Porto Ceresio-Varese";1894;20010,057173
"Licata (sc. p.)-Licata molo (sc. m.)";1888;651,880781
"Orotelli-Nuoro";1889;27603,171899
"Tirso-Orotelli";1889;18263,140668
"Succursale dei Giovi (Ronco-Mignanego-Quadr. Torbella)-Sampierdarena (st. c.)";1889;34334,118832
"Novi S. Bovo (parco)-Novi Ligure (st. c.)";1889;2984,903822
"Messina (st. c.)-S. Filippo Archi";1889;40097,512957
"Messina (sc. p.)-Messina (st. c.)";1889;682,237527
"Barcellona-Oliveri Tindari";1891;19993,200401
"Milazzo-Barcellona";1890;11280,387665
"S. Filippo Archi-Milazzo";1890;5004,585651
"Usmate Carnate-Ponte S. Pietro Locate";1889;25133,124103
"Verona-Caprino";1889;48472,806102
"Ceva-Priola";1889;26019,673449
"Trappa-Ormea";1893;10676,652549
"Scordia-Caltagirone";1892;67204,134022
"Valsavoja-Scordia";1889;16395,370635
"Borgo S. Lorenzo-Firenze (S. M. N.)";1890;47990,182229
"Viareggio-Lucca";1890;30613,076791
"Napoli-Ottaviano-S. Giuseppe";1891;30454,170176
"Sora-Arce";1891;27435,3812
"Cerignola Campagna-Cerignola";1891;10960,589161
"Biella-Cossato-Valle Mosso";1891;27189,571543
"Biella-Andorno-Balma";1891;18602,000302
"Ponte a Moriano-Borgo a Mozzano";1898;14436,204999
"Lucca-Ponte a Moriano";1892;14127,075331
"Borgo a Mozzano-Bagni di Lucca";1899;5371,87719
"Rocchetta S. Antonio-Rionero Atella Ripacan";1892;33000,996591
"Monteverde-Paternopoli";1895;102800,370878
"Rocchetta S. Antonio-Monteverde";1892;19141,845973
"Paternopoli-Avellino";1893;35630,209362
"Campiglia Marittima-Piombino";1892;18672,255359
"Gaeta Elena-Sparanise";1892;77603,15805
"Naso Capo d'Orlando-Tusa";1895;61971,793697
"Oliveri Tindari-Patti";1892;9234,915429
"Patti-Naso Capo d'Orlando";1893;32036,583226
"Tusa-Castelbuono";1894;17670,052137
"Castelbuono-Cefalù";1894;10731,272926
"Ciampino-Palestrina-Segni Paliano";1892;52071,096649
"Velletri-Terracina";1892;107751,073909
"Saluzzo-Cuneo";1892;45425,655352
"Siracusa (st.)-Siracusa (sc. p.)";1892;1943,073544
"Sant'Ellero-Saltino";1892;10891,874048
"Marradi-Borgo S. Lorenzo";1893;45008,346552
"Borgo S. Lorenzo-Pontassieve";1913;45012,5716
"Cansano-Isernia";1897;138432,635508
"Sulmona-Cansano";1892;33194,034917
"Boiano-Cantalupo del Sannio";1898;10826,659059
"Cantalupo del Sannio-Carpinone";1900;11369,074501
"Bivio Bosco Redole-Boiano";1894;16143,415928
"Spilimbergo-Casarsa";1893;26231,211155
"Priola-Garessio";1890;8761,553636
"Garessio-Trappa";1891;2820,95594
"Cagliari (st.)-Cagliari (sc. p.)";1893;2237,180475
"Asti-Acqui";1893;63797,129411
"Acqui-Ovada";1893;21558,229407
"Ovada-Sampierdarena (st. c.)";1894;56198,717728
"San Zeno Folzano-Piadena";1893;63863,69777
"Isernia-Rocca Ravindola";1894;23311,009228
"Ronciglione-Capranica";1894;9729,487329
"S. Eufemia Biforcazione-Marcellinara";1894;32581,873155
"Marcellinara-Corace";1896;10083,438103
"Bronte-Lave Castiglione";1895;43974,937325
"Catania Gaito-Catania Borgo";1895;2177,029731
"Catania Borgo-Adernò";1895;43686,926771
"Adernò-Bronte";1895;18466,068347
"Lave Castiglione-Giarre";1895;27111,79429
"Giarre-Riposto";1896;1245,728451
"Pergola-Fabriano";1895;43308,971172
"Barletta (st.)-Spinazzola";1895;85950,890405
"Tortona-Castelnuovo Scrivia";1895;11871,610216
"Rezzato-Tormini (st.)";1897;28504,331833
"Tormini (st.)-Vobarno";1897;10541,770646
"S. Stefano di Magra-Sarzana";1897;9869,64927
"Rionero Atella Ripacan.-Potenza Inferiore";1897;57570,716877
"Saronno-Grandate Breccia";1898;25932,639771
"Urbino-Pergola";1898;66772,719812
"Bari-Putignano";1900;58478,057128
"Putignano-Locorotondo";1903;35569,759107
"Mungivacca-Casamassima-Putignano";1905;56048,843465
"Limone (Piemonte)-Vievola";1900;13635,511549
"Spezia (st. c.)-Spezia Marittima (sc. p.)";1900;4054,28834
"Mandela-Subiaco";1901;30424,350206
"Mercato S. Severino-Salerno";1902;22758,777819
"Poggio Rusco-S. Felice sul Panaro";1902;23981,536156
"Sondrio-Tirano";1902;37291,585727
"Avezzano-Balsorano";1902;51000,919903
"Mondovì-Villanova";1902;10142,712802
"Massa Marittima-Follonica Porto";1902;32257,577908
"Ferrara-Copparo";1903;28350,908475
"Corleone-S. Carlo";1903;48517,117127
"Como Lago Nord-Grandate-Malnate";1885;34187,503535
"Cunardo-fermata provvisoria di Luino";1905;15341,872898
"Ghirla-Cunardo";1904;2605,40093
"Grotte di Valganna-Ghirla";1904;12504,83626
"Milano (P. Sempione)-Milano (P. Romana)";1891;10355,329491
"Milano (Porta Romana)-Rogoredo (st.)";1891;4762,74101
"Bergamo-S. Pellegrino";1906;37409,888706
"Castellanza-Cairate Lonate Ceppino";1904;15232,356537
"Napoli-Barra-Pompei-Poggiomarino";1904;44435,01913
"S. Giuseppe Vesuviano-Sarno";1904;19625,864521
"Chieti Città-Chieti stazione";1905;11702,246155
"Castelraimondo-Camerino";1906;15559,652557
"S. Pellegrino-S. Giovanni Bianco";1906;5880,831221
"Cremona-Borgo S. Donnino";1906;46947,640999
"Civitavecchia (st.)-Civitavecchia (sc . p.)";1906;1732,12113
"Lecce-Francavilla Fontana";1907;81183,274691
"Novoli-Nardò";1907;33311,826001
"Breno-Edolo";1909;45064,315123
"Iseo-Pisogne";1907;30745,684842
"Pisogne-Breno";1907;35446,156941
"Venezia (S. Lucia)-Venezia (S. Basilio) (sc. m.)";1907;3203,131277
"Thiene-Rocchette";1907;15224,316889
"Alessandria (st. c.)-Ovada";1907;46863,794197
"Grignasco-Coggiola";1908;19537,818011
"Bassano-Castelfranco Veneto-Mestre";1908;73725,855583
"Porto S. Giorgio-Fermo-Amandola";1908;79259,233251
"Primolano-Carpanè Valstagna";1910;21919,618844
"Desenzano (st.)-Desenzano Lago (sc. l.)";1909;4903,173181
"Ferrara-Cento";1909;44108,148568
"Revere Scalo-Poggio Rusco";1909;9263,142263
"Nogara-Ostiglia";1912;18301,1122
"Ostiglia-Revere Scalo";1911;5542,063325
"Reggio S. Stefano-Barco";1909;15387,592857
"Barco-Montecchio";1909;5011,197086
"Reggio Emilia-Reggio S. Stefano, e Barco Ciano d'Enza";1910;21291,636761
"Cancello-S. Martino Valle Caudina";1910;38535,589685
"Rocchette-Asiago";1910;28709,235695
"Stazione per la Carnia-Villa Santina";1910;27888,032331
"Partanna-Castelvetrano";1910;13719,079072
"Selinunte-Castelvetrano";1910;16618,767809
"Livorno (st. c.)-Vada";1910;38246,422581
"Confine Tirolese-Primolano";1910;2861,276656
"Carpanè Valstagna-Bassano";1909;20592,65783
"Canicatti-Naro";1911;17871,500514
"Naro-Camastra";1911;6029,611782
"Siculiana-Porto Empedocle";1911;16503,340196
"Ponte di Nossa-Clusone";1911;7944,362538
"Padova-Piazzola sul Brenta";1911;23410,460929
"Cento-Decima-Persiceto";1911;18891,895687
"S. Martino Valle Caudina-Cretazzo S. Vito";1911;19009,733576
"Ostellato-Porto Garibaldi";1911;38636,189356
"Bagni di Lucca-Castelnuovo di Garfagnana";1911;30384,887766
"Paderno-Bornato Calino";1911;6538,532692
"Monza-Molteno";1911;41160,996647
"Aulla-Gragnola";1911;17941,646712
"Gragnola-Monzone Monte de' Bianchi Isolano";1912;5052,239299
"Dittaino-Valguarnera";1912;18787,790674
"Marina Ortona-Orsogna-Crocetta";1912;51842,362813
"Lanciano-Crocetta-Casoli";1913;34742,302266
"Longarone Zoldo-Belluno";1912;27509,850427
"Perarolo-Longarone Zoldo";1913;22778,569954
"Lercara Alta-Lercara Bassa";1912;4467,696009
"Saline di Volterra-Volterra";1912;11015,494749
"Busca-Dronero";1912;17392,858726
"Civita Castellana-Viterbo (Porta Fiorentina)";1912;61311,701714
"Chivasso-Asti";1912;71570,951094
"Napoli-Biforcazione-Capua";1913;58061,868057
"Portogruaro-Motta di Livenza";1913;24899,352596
"S. Vito al Tagliamento-Motta di Livenza";1913;38047,108718
"Vievola-Tenda";1913;12177,991208
"Borgo S. Donnino-Fornovo";1913;34822,448414
"Casoli-Archi";1913;7770,036095
"Archi-Atessa";1913;11176,182779
"Orbetello-Porto S. Stefano";1913;17629,022081
"Biforcazione-Caiazzo";1913;20219,626317
"Macomer-Tirso";1888;35049,13403
"Mandas-Meana Sardo";1889;79599,733681
"Marina S. Vito-Lanciano";1912;21245,544669
"Viterbo (P.)-Roma (Trastevere)";1894;117482,248916
"Balsorano-Sora";1895;16030,218157
"Torino-Rivoli";1871;16372,859122
"S. Giuseppe di Cairo-Savona(Letimbro)";1874;29282,476298
"Casalbuono-Lagonegro";1892;18361,473845
"Sala Consilina-Sassano Tegiano";1887;6156,058622
"Roma-Albano Laziale";1889;38621,03201
"Ciampino-Frascati(stazione vecchia)";1857;9026,979923
"Bivio Mandrione-Ciampino";1857;13804,658515
"Pisa(Porta Nuova)-Pisa(st. c.)";1861;3231,964388
"Bosa-Macomer";1888;62849,064523
"Rovato-Iseo";1911;21481,890793
"Partinico-Castellammare del Golfo";1881;26804,091729
"Marmifera-Massa e Carrara";1876;25819,426605
"Majolungo-Frassia";1879;12526,63182
"Genova (P.P.)-Genova(P.B.)";1872;3889,714969
"Palmi-Bagnara";1888;12538,109585
"Gioia Tauro-Palmi";1889;11617,764469
"Affi-Garda";1904;15368,272787
"Ussassai-Gairo";1893;5099,259645
"Pinzano-Spilimbergo";1912;13148,144734
"Galleria di Marianopoli (Verso S. Caterina Xirbi)";1885;9541,154241
"Torrita-Salarco";1861;8186,25576
"Calciano Tricarico-Grassano Garaguso";1877;4750,067001
"Bologna-Bivio Reno";1862;5790,427929
"Starza-S.Spirito";1870;7508,764713
"Modena B. G.-Modena trasbordo (raccordo per merci)";1883;253,29766
"Como (S. Giovanni)-Como Lago (sc. l.)";1880;1478,175426
"Ticino-Magenta";1859;10199,814574
"(Varese) Bettole-Grotte di Valganna";1903;7958,975792
"Cretazzo S. Vito-Benevento";1913;6052,03243
"Mondovì-Roccadebaldi";1888;8120,291215
"Salerno-Pastena";1866;1708,073814
"Licata (sc. p.)-Licata (st.)";1888;1792,269343
"Viterbo (Porta Fiorentina)-Roma (Trastevere) (minor percorso)";1911;1398,515848
"Binari via Operai,via Ponte di Carmigliano, via Fiumara e allacciamento per la Sanità";1858;5519,446926
"Sampierdarena-S. Benigno(passo nuovo)";1858;2367,29484
"Sampierdarena (S. Limbania)-(Genova P. Car.)-Molo Vecchio";1888;6375,098412
"Sampierdarena (st. c.)-S. Benigno (linea della Sanità)";1886;2568,733058
"S. Limbania-Genova (Piazza Brignole)";1888;4356,284647
"Bivio Nogara-Bivio Cerea";1912;1991,7972
"Padova (st. c.)-Padova (Campo di Marte)";1911;4380,321911
"Bivio Altichiero-Bivio Brusegnana (Padova C. M.)";1911;4212,249227
"Bivio Ghisolfa-Bivio Simonetta";1911;2397,304125
"Sampierdarena (st. c.)-S. Benigno (linea della Coscia)";1899;2314,785424
"Bivio Rivarolo-Campasso-S. Benigno";1906;6191,691271
"Bivio Rivarolo-Campasso-S. Limbania";1907;7352,626468
"Bivio Succ.le Campasso-S. Benigno";1907;242,1571
"Bivio Cornigliano-Sampierdarena (sc. m.)";1911;760,157186
"Bivio Busalla-Bivio Ronco";1912;1866,047751
"Civitavecchia (st.)-Civitavecchia (sc . p.)";1906;1106,777198
"Castellammare Adriatico-Pescara";1863;1951,390893
"Livorno (S. Marco)-Livorno (st. c.)";1910;6199,968693
"Maggior percorso Pisa (st. c.)-Livorno (st. c.)";1910;1451,837625
"Bivio Calambrone-Livorno Marittima(sc. p.)";1858;4894,484053
"Bivio Calambrone- Bivio Livorno Marittima-Livorno (S. Marco)";1844;3250,160023
"Firenze (S.M.N.)-Firenze(Porta al Prato)";1848;6629,791413
"Firenze(Bivio Porta al Prato)-Firenze (S.M.N.)";1848;5328,009391
"Bivio Pisa (P Fiorentina) -Pisa (P Fiorentina)";1863;575,293359
"Pavia-Bivio Gravellone";1867;3521,77484
"Bivio Taranto-Taranto(sc.p.)";1869;653,498618
"Bivio Casale-Asti";1870;2094,692204
"Bivio Paratico Sarnico-Paratico (sc. I.)";1876;767,848313
"Doppio B. Bacch.-Vicenza";1876;2077,634434
"Pontebba-ex confine Carnico";1879;917,450949
"Castellamare di Stabia-Castellamare di Stabia (sc. p.)";1886;4341,339868
"Torre Annunziata (st. c.)-Torre Annunziata (sc. p.)";1886;1941,961439
"Novara Nord-Novara F. S.";1887;335,473764
"Varianti stazione definitiva di Noto";1887;280,144791
"Roma (Tuscolana)-Roma (Tiburtina)";1890;5495,786111
"Roma (Tuscolana)-Prenestina";1890;3146,887382
"Prenestina-Roma (Tiburtina)";1890;3340,217196
"Roma (Tuscolana)-Doppio Bivio Mandrione";1891;2074,344167
"Gioia Tauro (staz. provv.)-Gioia Tauro (stazione definitiva)";1890;343,78089
"Chilivani (Magazzino Merci)-Chilivani F. S.";1891;408,718711
"Bivio Mandrione-Ciampino";1892;13063,908473
"Rifredi (st.)-Firenze (Campo di Marte)";1892;6878,203643
"Castellarano Veggia-Sassuolo";1892;2190,777729
"Taranto (st.)-Taranto (pontile militare)";1894;882,453223
"Messina (sc. f. b.) (invasatura superiore)";1895;673,652241
"Messina (sc. f. b.) (invasatura inferiore)";1896;567,24548
"Rifredi (st.)-Firenze (Porta al Prato)";1896;7739,738622
"Firenze (C. Marte)-Bivio S. Marco Vecchio";1896;2330,437568
"Catania Porto-Catania Gaito";1898;2175,733488
"Bivio Lavino-Borgo Panigale";1899;1699,021762
"Laveno Nord-Laveno F. S.";1902;1131,305256
"Ferrara (st.)-Darsena (canale di Burana)";1903;2315,64868
"Gallipoli (st.)-Gallipoli (sc. p.)";1903;1186,919508
"Pugliano-Stazione Inferiore Funicolare";1903;10150,802913
"Villanova-Cave della Rocchetta";1903;867,864951
"Milano (Porta Romana)-Milano (Lambrate)";1904;6926,437297
"Stazione definitiva di Luino";1905;1045,619672
"Bivio Navicelli-Bivio Tagliaferro";1906;1521,539049
"Ancona (stazione)-Ancona (sc . p.)";1906;4455,059114
"P.D.E. Iselle di Trasquera-Iselle di Trasquera (asse F.V.)";1906;841,630218
"Torino (st. smist.)-Quadrivio Zappata-Torino (Porta Susa)";1907;8173,29626
"Alessandria (st. smist.)-lato Bivio Bormida";1908;2369,668787
"Bivio Bergamo-Treviglio Ovest";1908;1739,133848
"Diramazione per Fermo Città";1909;3169,669509
"Alessandria (st. smist.)-Lato Bivio Tanaro";1909;2805,311068
"Roma (Tiburtina)-Roma (S. Lorenzo)";1909;2619,691092
"Roma (Tiburtina)-doppio Bivio Mandrione";1910;5744,521338
"Pavia (st. c.)-Pavia (Piazza d'Armi)";1910;2328,035533
"Milano (P. Vitt.) (sc. m.)-Rogoredo (Parco)-Rogoredo (st.)";1911;5156,378091
"Roma (Trastevere)-Trastevere (sc. m.)";1911;2007,506674
"Civitavecchia (stazione)-Roma (Termini) (maggior percorso)";1911;670,062777
"Rifredi (stazione)-Rifredi (sc. B.)";1911;1581,464416
"Milano (sc. m.) (S. Rocco)-Milano (Librera)";1911;1849,757331
"Bivio Ghisolfa-Bivio Simonetta";1911;2089,571132
"Quadrivio Gazzera-(Quadrivio Catene) Fabbricato Ufficio Mestre (sc. m.)";1911;1438,80078
